Workbook

Sheet Instructions
A1: 項目 | B1: 説明
A2: 0. このファイルの役割 | B2: 産総研20万分の1シームレス地質図V2から自動抽出した広域地質凡例インベントリおよび人手レビュー用スケルトンです。ここを編集して `python run.py export-200k <コード/地名>` を実行すると、Macrostrat公式形式(v0.1.1)の提出ファイルが作られます。
A3: 1. 色の意味（50k準拠） | B3: 黄色=必ず確認・入力する必須列。 / 水色=年代(Ma)から自動計算される数式列。 / 緑=そのまま提出物に転記される列。 / グレー(REF_*)=自動取得の参照専用データ。
A4: 2. 地質帯Columnの構成 | B4: 同一図幅内の異なるテクトニック単元（付加体、変成帯、火山岩、堆積盆等）を独立したColumn（col_1, col_2...）に分離しています。columns_review で一覧を確認できます。
A5: 3. sort_order / position（層序順序） | B5: 最下部（最古の地層）を 1 とし、上位（新しい地層）へ向かって番号が進みます（下から上への単調増加）。必要に応じて順序を書き換えてください。
A6: 4. t_prop / b_prop（自動計算） | B6: 水色の t_prop・b_prop はPythonで直接初期計算済みかつ数式連動です。t_age_ma・b_age_ma を書き換えると、intervals シートの時代境界から自動で 0.000〜1.000 の比率が再計算されます。
A7: 5. 岩相（lithology / minor_lith） | B7: Macrostrat公式の214岩相オントロジーに自動正規化してあります。
A8: 6. 事前チェックと提出 | B8: `python run.py check-200k <地名>` で年代逆転・prop範囲・語彙矛盾を厳格に検証し、`python run.py export-200k <地名>` でエクスポートします。

Sheet units_review
A1: unit_id | B1: col_id | C1: sort_order | D1: unit_name | E1: strat_name | F1: t_int | G1: t_age_ma | H1: t_prop | I1: b_int | J1: b_age_ma | K1: b_prop | L1: lithology | M1: minor_lith | N1: environment | O1: unit_description | P1: min_thickness | Q1: max_thickness | R1: basal_surface | S1: lateral_relationship | T1: comments | U1: t_pos | V1: REF_symbol | W1: REF_age_ja | X1: REF_age_en | Y1: REF_lith_ja | Z1: REF_lith_en | AA1: REF_group_ja | AB1: REF_group_en | AC1: REF_domain
A2: m200k_NI-53-21_u003 | B2: col_1 | C2: 1 | D2: Pleistocene Sedimentary (Tokushima Quaternary) | E2: Tokushima Quaternary Basin & Terrace Deposits | F2: Pleistocene | G2: 0.0117 | H2: =IF(OR($F2="",$G2=""),"",IFERROR((VLOOKUP($F2,intervals!$A:$C,2,FALSE)-$G2)/(VLOOKUP($F2,intervals!$A:$C,2,FALSE)-VLOOKUP($F2,intervals!$A:$C,3,FALSE)),"")) | I2: Gelasian | J2: 2.58 | K2: =IF(OR($I2="",$J2=""),"",IFERROR((VLOOKUP($I2,intervals!$A:$C,2,FALSE)-$J2)/(VLOOKUP($I2,intervals!$A:$C,2,FALSE)-VLOOKUP($I2,intervals!$A:$C,3,FALSE)),"")) | L2: sedimentary | N2: marine | O2: Cenozoic Quaternary Pleistocene Gelasian - early Middle Pleistocene; non-marine sediments [Quaternary Basin & Terrace Deposits] | R2: unknown | T2: GSJ 200k Seamless Q1-21_sn | V2: Q1-21_sn | W2: 新生代 第四紀 更新世 ジェラシアン期〜前期チバニアン期 | X2: Cenozoic Quaternary Pleistocene Gelasian - early Middle Pleistocene | Y2: 非海成層 | Z2: non-marine sediments | AA2: 堆積岩 | AB2: Sedimentary rocks | AC2: Quaternary Basin & Terrace Deposits
A3: m200k_NI-53-21_u004 | B3: col_1 | C3: 2 | D3: Pleistocene Gravel (Tokushima Quaternary) | E3: Tokushima Quaternary Basin & Terrace Deposits | F3: Pleistocene | G3: 0.0117 | H3: =IF(OR($F3="",$G3=""),"",IFERROR((VLOOKUP($F3,intervals!$A:$C,2,FALSE)-$G3)/(VLOOKUP($F3,intervals!$A:$C,2,FALSE)-VLOOKUP($F3,intervals!$A:$C,3,FALSE)),"")) | I3: Pleistocene | J3: 2.58 | K3: =IF(OR($I3="",$J3=""),"",IFERROR((VLOOKUP($I3,intervals!$A:$C,2,FALSE)-$J3)/(VLOOKUP($I3,intervals!$A:$C,2,FALSE)-VLOOKUP($I3,intervals!$A:$C,3,FALSE)),"")) | L3: gravel | N3: unknown | O3: Cenozoic Quaternary early Late Pleistocene; terrace deposits [Quaternary Basin & Terrace Deposits] | R3: unknown | T3: GSJ 200k Seamless Q31_std | V3: Q31_std | W3: 新生代 第四紀 後期更新世前期 | X3: Cenozoic Quaternary early Late Pleistocene | Y3: 段丘堆積物 | Z3: terrace deposits | AA3: 堆積岩 | AB3: Sedimentary rocks | AC3: Quaternary Basin & Terrace Deposits
A4: m200k_NI-53-21_u005 | B4: col_1 | C4: 3 | D4: Pleistocene Gravel (Tokushima Quaternary) | E4: Tokushima Quaternary Basin & Terrace Deposits | F4: Pleistocene | G4: 0.0117 | H4: =IF(OR($F4="",$G4=""),"",IFERROR((VLOOKUP($F4,intervals!$A:$C,2,FALSE)-$G4)/(VLOOKUP($F4,intervals!$A:$C,2,FALSE)-VLOOKUP($F4,intervals!$A:$C,3,FALSE)),"")) | I4: Pleistocene | J4: 2.58 | K4: =IF(OR($I4="",$J4=""),"",IFERROR((VLOOKUP($I4,intervals!$A:$C,2,FALSE)-$J4)/(VLOOKUP($I4,intervals!$A:$C,2,FALSE)-VLOOKUP($I4,intervals!$A:$C,3,FALSE)),"")) | L4: gravel | N4: unknown | O4: Cenozoic Quaternary late Middle Pleistocene; terrace deposits [Quaternary Basin & Terrace Deposits] | R4: unknown | T4: GSJ 200k Seamless Q22_std | V4: Q22_std | W4: 新生代 第四紀 後期チバニアン期 | X4: Cenozoic Quaternary late Middle Pleistocene | Y4: 段丘堆積物 | Z4: terrace deposits | AA4: 堆積岩 | AB4: Sedimentary rocks | AC4: Quaternary Basin & Terrace Deposits
A5: m200k_NI-53-21_u006 | B5: col_1 | C5: 4 | D5: Pleistocene Gravel (Tokushima Quaternary) | E5: Tokushima Quaternary Basin & Terrace Deposits | F5: Pleistocene | G5: 0.0117 | H5: =IF(OR($F5="",$G5=""),"",IFERROR((VLOOKUP($F5,intervals!$A:$C,2,FALSE)-$G5)/(VLOOKUP($F5,intervals!$A:$C,2,FALSE)-VLOOKUP($F5,intervals!$A:$C,3,FALSE)),"")) | I5: Pleistocene | J5: 2.58 | K5: =IF(OR($I5="",$J5=""),"",IFERROR((VLOOKUP($I5,intervals!$A:$C,2,FALSE)-$J5)/(VLOOKUP($I5,intervals!$A:$C,2,FALSE)-VLOOKUP($I5,intervals!$A:$C,3,FALSE)),"")) | L5: gravel | N5: unknown | O5: Cenozoic Quaternary middle Late Pleistocene - late Late Pleistocene; terrace deposits [Quaternary Basin & Terrace Deposits] | R5: unknown | T5: GSJ 200k Seamless Q32-33_std | V5: Q32-33_std | W5: 新生代 第四紀 後期更新世中期〜後期更新世後期 | X5: Cenozoic Quaternary middle Late Pleistocene - late Late Pleistocene | Y5: 段丘堆積物 | Z5: terrace deposits | AA5: 堆積岩 | AB5: Sedimentary rocks | AC5: Quaternary Basin & Terrace Deposits
A6: m200k_NI-53-21_u007 | B6: col_1 | C6: 5 | D6: Holocene Sedimentary (Tokushima Quaternary) | E6: Tokushima Quaternary Basin & Terrace Deposits | F6: Holocene | G6: 0 | H6: =IF(OR($F6="",$G6=""),"",IFERROR((VLOOKUP($F6,intervals!$A:$C,2,FALSE)-$G6)/(VLOOKUP($F6,intervals!$A:$C,2,FALSE)-VLOOKUP($F6,intervals!$A:$C,3,FALSE)),"")) | I6: Pleistocene | J6: 2.58 | K6: =IF(OR($I6="",$J6=""),"",IFERROR((VLOOKUP($I6,intervals!$A:$C,2,FALSE)-$J6)/(VLOOKUP($I6,intervals!$A:$C,2,FALSE)-VLOOKUP($I6,intervals!$A:$C,3,FALSE)),"")) | L6: sedimentary | N6: unknown | O6: Cenozoic Quaternary late Middle Pleistocene - Holocene; landslide deposits [Quaternary Basin & Terrace Deposits] | R6: unknown | T6: GSJ 200k Seamless Q22-H_sdd | V6: Q22-H_sdd | W6: 新生代 第四紀 後期チバニアン期〜完新世 | X6: Cenozoic Quaternary late Middle Pleistocene - Holocene | Y6: 地すべり堆積物 | Z6: landslide deposits | AA6: 堆積岩 | AB6: Sedimentary rocks | AC6: Quaternary Basin & Terrace Deposits
A7: m200k_NI-53-21_u001 | B7: col_1 | C7: 6 | D7: Holocene Sedimentary (Tokushima Quaternary) | E7: Tokushima Quaternary Basin & Terrace Deposits | F7: Holocene | G7: 0 | H7: =IF(OR($F7="",$G7=""),"",IFERROR((VLOOKUP($F7,intervals!$A:$C,2,FALSE)-$G7)/(VLOOKUP($F7,intervals!$A:$C,2,FALSE)-VLOOKUP($F7,intervals!$A:$C,3,FALSE)),"")) | I7: Holocene | J7: 0.0117 | K7: =IF(OR($I7="",$J7=""),"",IFERROR((VLOOKUP($I7,intervals!$A:$C,2,FALSE)-$J7)/(VLOOKUP($I7,intervals!$A:$C,2,FALSE)-VLOOKUP($I7,intervals!$A:$C,3,FALSE)),"")) | L7: sedimentary | N7: unknown | O7: Cenozoic Quaternary late Holocene; Reclaimed land [Quaternary Basin & Terrace Deposits] | R7: unknown | T7: GSJ 200k Seamless H2_or | V7: H2_or | W7: 新生代 第四紀 後期完新世 | X7: Cenozoic Quaternary late Holocene | Y7: 盛り土・埋立地・干拓地 | Z7: Reclaimed land | AA7: その他 | AB7: Other | AC7: Quaternary Basin & Terrace Deposits
A8: m200k_NI-53-21_u002 | B8: col_1 | C8: 7 | D8: Holocene Sedimentary (Tokushima Quaternary) | E8: Tokushima Quaternary Basin & Terrace Deposits | F8: Holocene | G8: 0 | H8: =IF(OR($F8="",$G8=""),"",IFERROR((VLOOKUP($F8,intervals!$A:$C,2,FALSE)-$G8)/(VLOOKUP($F8,intervals!$A:$C,2,FALSE)-VLOOKUP($F8,intervals!$A:$C,3,FALSE)),"")) | I8: Holocene | J8: 0.0117 | K8: =IF(OR($I8="",$J8=""),"",IFERROR((VLOOKUP($I8,intervals!$A:$C,2,FALSE)-$J8)/(VLOOKUP($I8,intervals!$A:$C,2,FALSE)-VLOOKUP($I8,intervals!$A:$C,3,FALSE)),"")) | L8: sedimentary | N8: fluvial | O8: Cenozoic Quaternary Holocene; valley floor, intermountain basin, river & coastal plain deposits [Quaternary Basin & Terrace Deposits] | R8: unknown | T8: GSJ 200k Seamless H_sad | V8: H_sad | W8: 新生代 第四紀 完新世 | X8: Cenozoic Quaternary Holocene | Y8: 谷底平野・山間盆地・河川・海岸平野堆積物 | Z8: valley floor, intermountain basin, river & coastal plain deposits | AA8: 堆積岩 | AB8: Sedimentary rocks | AC8: Quaternary Basin & Terrace Deposits
A9: m200k_NI-53-21_u008 | B9: col_2 | C9: 1 | D9: Santonian Dacite (Tokushima Neogene-Paleogene) | E9: Tokushima Neogene-Paleogene Volcanic Complex | F9: Santonian | G9: 83.6 | H9: =IF(OR($F9="",$G9=""),"",IFERROR((VLOOKUP($F9,intervals!$A:$C,2,FALSE)-$G9)/(VLOOKUP($F9,intervals!$A:$C,2,FALSE)-VLOOKUP($F9,intervals!$A:$C,3,FALSE)),"")) | I9: Cenomanian | J9: 100.5 | K9: =IF(OR($I9="",$J9=""),"",IFERROR((VLOOKUP($I9,intervals!$A:$C,2,FALSE)-$J9)/(VLOOKUP($I9,intervals!$A:$C,2,FALSE)-VLOOKUP($I9,intervals!$A:$C,3,FALSE)),"")) | L9: dacite | M9: rhyolite | N9: volcanic | O9: Mesozoic Late Cretaceous Cenomanian - Santonian; dacite & rhyolite pyroclastic rocks [Neogene-Paleogene Volcanic Complex] | R9: unknown | T9: GSJ 200k Seamless K21_vas_ap | V9: K21_vas_ap | W9: 中生代 後期白亜紀 セノマニアン期〜サントニアン期 | X9: Mesozoic Late Cretaceous Cenomanian - Santonian | Y9: デイサイト・流紋岩 大規模火砕流 | Z9: dacite & rhyolite pyroclastic rocks | AA9: 火成岩 | AB9: Igneous rocks | AC9: Neogene-Paleogene Volcanic Complex
A10: m200k_NI-53-21_u009 | B10: col_2 | C10: 2 | D10: Maastrichtian Dacite (Tokushima Neogene-Paleogene) | E10: Tokushima Neogene-Paleogene Volcanic Complex | F10: Maastrichtian | G10: 66 | H10: =IF(OR($F10="",$G10=""),"",IFERROR((VLOOKUP($F10,intervals!$A:$C,2,FALSE)-$G10)/(VLOOKUP($F10,intervals!$A:$C,2,FALSE)-VLOOKUP($F10,intervals!$A:$C,3,FALSE)),"")) | I10: Campanian | J10: 83.6 | K10: =IF(OR($I10="",$J10=""),"",IFERROR((VLOOKUP($I10,intervals!$A:$C,2,FALSE)-$J10)/(VLOOKUP($I10,intervals!$A:$C,2,FALSE)-VLOOKUP($I10,intervals!$A:$C,3,FALSE)),"")) | L10: dacite | M10: rhyolite | N10: volcanic | O10: Mesozoic Late Cretaceous Campanian - Maastrichtian; dacite & rhyolite pyroclastic rocks [Neogene-Paleogene Volcanic Complex] | R10: unknown | T10: GSJ 200k Seamless K22_vas_ap | V10: K22_vas_ap | W10: 中生代 後期白亜紀 カンパニアン期〜マーストリヒチアン期 | X10: Mesozoic Late Cretaceous Campanian - Maastrichtian | Y10: デイサイト・流紋岩 大規模火砕流 | Z10: dacite & rhyolite pyroclastic rocks | AA10: 火成岩 | AB10: Igneous rocks | AC10: Neogene-Paleogene Volcanic Complex
A11: m200k_NI-53-21_u010 | B11: col_2 | C11: 3 | D11: Rupelian Basalt (Tokushima Neogene-Paleogene) | E11: Tokushima Neogene-Paleogene Volcanic Complex | F11: Rupelian | G11: 27.3 | H11: =IF(OR($F11="",$G11=""),"",IFERROR((VLOOKUP($F11,intervals!$A:$C,2,FALSE)-$G11)/(VLOOKUP($F11,intervals!$A:$C,2,FALSE)-VLOOKUP($F11,intervals!$A:$C,3,FALSE)),"")) | I11: Rupelian | J11: 33.9 | K11: =IF(OR($I11="",$J11=""),"",IFERROR((VLOOKUP($I11,intervals!$A:$C,2,FALSE)-$J11)/(VLOOKUP($I11,intervals!$A:$C,2,FALSE)-VLOOKUP($I11,intervals!$A:$C,3,FALSE)),"")) | L11: basalt | N11: volcanic | O11: Cenozoic Paleogene Oligocene Rupelian; basalt lava & pyroclastic rocks [Neogene-Paleogene Volcanic Complex] | R11: unknown | T11: GSJ 200k Seamless Pg3_vbs_al | V11: Pg3_vbs_al | W11: 新生代 古第三紀 漸新世 ルペリアン期 | X11: Cenozoic Paleogene Oligocene Rupelian | Y11: 玄武岩 溶岩・火砕岩 | Z11: basalt lava & pyroclastic rocks | AA11: 火成岩 | AB11: Igneous rocks | AC11: Neogene-Paleogene Volcanic Complex
A12: m200k_NI-53-21_u011 | B12: col_2 | C12: 4 | D12: Tortonian Andesite (Tokushima Neogene-Paleogene) | E12: Tokushima Neogene-Paleogene Volcanic Complex | F12: Tortonian | G12: 7.246 | H12: =IF(OR($F12="",$G12=""),"",IFERROR((VLOOKUP($F12,intervals!$A:$C,2,FALSE)-$G12)/(VLOOKUP($F12,intervals!$A:$C,2,FALSE)-VLOOKUP($F12,intervals!$A:$C,3,FALSE)),"")) | I12: Langhian | J12: 15.98 | K12: =IF(OR($I12="",$J12=""),"",IFERROR((VLOOKUP($I12,intervals!$A:$C,2,FALSE)-$J12)/(VLOOKUP($I12,intervals!$A:$C,2,FALSE)-VLOOKUP($I12,intervals!$A:$C,3,FALSE)),"")) | L12: andesite | N12: volcanic | O12: Cenozoic Neogene Miocene late Langhian - Tortonian; andesite & basaltic andesite lava & pyroclastic rocks [Neogene-Paleogene Volcanic Complex] | R12: unknown | T12: GSJ 200k Seamless N2_vis_al | V12: N2_vis_al | W12: 新生代 新第三紀 中新世 後期ランギアン期〜トートニアン期 | X12: Cenozoic Neogene Miocene late Langhian - Tortonian | Y12: 安山岩・玄武岩質安山岩 溶岩・火砕岩 | Z12: andesite & basaltic andesite lava & pyroclastic rocks | AA12: 火成岩 | AB12: Igneous rocks | AC12: Neogene-Paleogene Volcanic Complex
A13: m200k_NI-53-21_u012 | B13: col_2 | C13: 5 | D13: Tortonian Dacite (Tokushima Neogene-Paleogene) | E13: Tokushima Neogene-Paleogene Volcanic Complex | F13: Tortonian | G13: 7.246 | H13: =IF(OR($F13="",$G13=""),"",IFERROR((VLOOKUP($F13,intervals!$A:$C,2,FALSE)-$G13)/(VLOOKUP($F13,intervals!$A:$C,2,FALSE)-VLOOKUP($F13,intervals!$A:$C,3,FALSE)),"")) | I13: Langhian | J13: 15.98 | K13: =IF(OR($I13="",$J13=""),"",IFERROR((VLOOKUP($I13,intervals!$A:$C,2,FALSE)-$J13)/(VLOOKUP($I13,intervals!$A:$C,2,FALSE)-VLOOKUP($I13,intervals!$A:$C,3,FALSE)),"")) | L13: dacite | M13: rhyolite | N13: volcanic | O13: Cenozoic Neogene Miocene late Langhian - Tortonian; dacite & rhyolite lava & pyroclastic rocks [Neogene-Paleogene Volcanic Complex] | R13: unknown | T13: GSJ 200k Seamless N2_vas_al | V13: N2_vas_al | W13: 新生代 新第三紀 中新世 後期ランギアン期〜トートニアン期 | X13: Cenozoic Neogene Miocene late Langhian - Tortonian | Y13: デイサイト・流紋岩 溶岩・火砕岩 | Z13: dacite & rhyolite lava & pyroclastic rocks | AA13: 火成岩 | AB13: Igneous rocks | AC13: Neogene-Paleogene Volcanic Complex
A14: m200k_NI-53-21_u015 | B14: col_3 | C14: 1 | D14: Lopingian Sandstone (Tokushima Accretionary) | E14: Tokushima Accretionary Complex | F14: Lopingian | G14: 251.902 | H14: =IF(OR($F14="",$G14=""),"",IFERROR((VLOOKUP($F14,intervals!$A:$C,2,FALSE)-$G14)/(VLOOKUP($F14,intervals!$A:$C,2,FALSE)-VLOOKUP($F14,intervals!$A:$C,3,FALSE)),"")) | I14: Guadalupian | J14: 274.4 | K14: =IF(OR($I14="",$J14=""),"",IFERROR((VLOOKUP($I14,intervals!$A:$C,2,FALSE)-$J14)/(VLOOKUP($I14,intervals!$A:$C,2,FALSE)-VLOOKUP($I14,intervals!$A:$C,3,FALSE)),"")) | L14: sandstone | M14: mudstone | N14: marine | O14: Paleozoic Permian Guadalupian - Lopingian; marine alternation of sandstone & mudstone middle to late Permian accretionary complex [Accretionary Complex] | R14: unknown | T14: GSJ 200k Seamless P2-3_sosma_P2 | V14: P2-3_sosma_P2 | W14: 古生代 ペルム紀 グアダルピアン世〜ローピンジアン世 | X14: Paleozoic Permian Guadalupian - Lopingian | Y14: 海成層 砂岩泥岩互層 中期-後期ペルム紀付加体 | Z14: marine alternation of sandstone & mudstone middle to late Permian accretionary complex | AA14: 付加体 | AB14: Accretionary complexes | AC14: Accretionary Complex
A15: m200k_NI-53-21_u013 | B15: col_3 | C15: 2 | D15: Bajocian Sandstone (Tokushima Accretionary) | E15: Tokushima Accretionary Complex | F15: Bajocian | G15: 168.2 | H15: =IF(OR($F15="",$G15=""),"",IFERROR((VLOOKUP($F15,intervals!$A:$C,2,FALSE)-$G15)/(VLOOKUP($F15,intervals!$A:$C,2,FALSE)-VLOOKUP($F15,intervals!$A:$C,3,FALSE)),"")) | I15: Jurassic | J15: 201.4 | K15: =IF(OR($I15="",$J15=""),"",IFERROR((VLOOKUP($I15,intervals!$A:$C,2,FALSE)-$J15)/(VLOOKUP($I15,intervals!$A:$C,2,FALSE)-VLOOKUP($I15,intervals!$A:$C,3,FALSE)),"")) | L15: sandstone | M15: mudstone | N15: marine | O15: Mesozoic Jurassic Early - Middle Bajocian; marine alternation of sandstone & mudstone Early to Middle Jurassic accretionary complex [Accretionary Complex] | R15: unknown | T15: GSJ 200k Seamless J1-22_sosma_J1 | V15: J1-22_sosma_J1 | W15: 中生代 前期ジュラ紀〜中期ジュラ紀 バジョシアン期 | X15: Mesozoic Jurassic Early - Middle Bajocian | Y15: 海成層 砂岩泥岩互層 前期-中期ジュラ紀付加体 | Z15: marine alternation of sandstone & mudstone Early to Middle Jurassic accretionary complex | AA15: 付加体 | AB15: Accretionary complexes | AC15: Accretionary Complex
A16: m200k_NI-53-21_u014 | B16: col_3 | C16: 3 | D16: Bajocian Sedimentary (Tokushima Accretionary) | E16: Tokushima Accretionary Complex | F16: Bajocian | G16: 168.2 | H16: =IF(OR($F16="",$G16=""),"",IFERROR((VLOOKUP($F16,intervals!$A:$C,2,FALSE)-$G16)/(VLOOKUP($F16,intervals!$A:$C,2,FALSE)-VLOOKUP($F16,intervals!$A:$C,3,FALSE)),"")) | I16: Jurassic | J16: 201.4 | K16: =IF(OR($I16="",$J16=""),"",IFERROR((VLOOKUP($I16,intervals!$A:$C,2,FALSE)-$J16)/(VLOOKUP($I16,intervals!$A:$C,2,FALSE)-VLOOKUP($I16,intervals!$A:$C,3,FALSE)),"")) | L16: sedimentary | N16: marine | O16: Mesozoic Jurassic Early - Middle Bajocian; mixed rock Early to Middle Jurassic accretionary complex [Accretionary Complex] | R16: unknown | T16: GSJ 200k Seamless J1-22_sx_J1 | V16: J1-22_sx_J1 | W16: 中生代 前期ジュラ紀〜中期ジュラ紀 バジョシアン期 | X16: Mesozoic Jurassic Early - Middle Bajocian | Y16: 混在岩 前期-中期ジュラ紀付加体 | Z16: mixed rock Early to Middle Jurassic accretionary complex | AA16: 付加体 | AB16: Accretionary complexes | AC16: Accretionary Complex
A17: m200k_NI-53-21_u016 | B17: col_4 | C17: 1 | D17: Priabonian Sandstone (Tokushima Sedimentary) | E17: Tokushima Sedimentary rocks Succession | F17: Priabonian | G17: 33.9 | H17: =IF(OR($F17="",$G17=""),"",IFERROR((VLOOKUP($F17,intervals!$A:$C,2,FALSE)-$G17)/(VLOOKUP($F17,intervals!$A:$C,2,FALSE)-VLOOKUP($F17,intervals!$A:$C,3,FALSE)),"")) | I17: Lutetian | J17: 48.07 | K17: =IF(OR($I17="",$J17=""),"",IFERROR((VLOOKUP($I17,intervals!$A:$C,2,FALSE)-$J17)/(VLOOKUP($I17,intervals!$A:$C,2,FALSE)-VLOOKUP($I17,intervals!$A:$C,3,FALSE)),"")) | L17: sandstone | M17: mudstone | N17: marine | O17: Cenozoic Paleogene Eocene Lutetian - Priabonian; brackish, or marine & non-marine mixture sandstone, alternation of sandstone & mudstone or sandstone & mudstone [Sedimentary rocks Succession] | R17: unknown | T17: GSJ 200k Seamless Pg2_sbs | V17: Pg2_sbs | W17: 新生代 古第三紀 始新世 ルテシアン期〜プリアボニアン期 | X17: Cenozoic Paleogene Eocene Lutetian - Priabonian | Y17: 汽水成層ないし海成・非海成混合層 砂岩，砂岩泥岩互層ないし砂岩・泥岩 | Z17: brackish, or marine & non-marine mixture sandstone, alternation of sandstone & mudstone or sandstone & mudstone | AA17: 堆積岩 | AB17: Sedimentary rocks | AC17: Sedimentary rocks Succession
A18: m200k_NI-53-21_u017 | B18: col_5 | C18: 1 | D18: Santonian Granite (Tokushima Plutonic) | E18: Tokushima Plutonic Complex | F18: Santonian | G18: 83.6 | H18: =IF(OR($F18="",$G18=""),"",IFERROR((VLOOKUP($F18,intervals!$A:$C,2,FALSE)-$G18)/(VLOOKUP($F18,intervals!$A:$C,2,FALSE)-VLOOKUP($F18,intervals!$A:$C,3,FALSE)),"")) | I18: Cenomanian | J18: 100.5 | K18: =IF(OR($I18="",$J18=""),"",IFERROR((VLOOKUP($I18,intervals!$A:$C,2,FALSE)-$J18)/(VLOOKUP($I18,intervals!$A:$C,2,FALSE)-VLOOKUP($I18,intervals!$A:$C,3,FALSE)),"")) | L18: granite | N18: plutonic | O18: Mesozoic Late Cretaceous Cenomanian - Santonian; massive granite island arc & continental [Plutonic Complex] | R18: intrusive | T18: GSJ 200k Seamless K21_pam_a | V18: K21_pam_a | W18: 中生代 後期白亜紀 セノマニアン期〜サントニアン期 | X18: Mesozoic Late Cretaceous Cenomanian - Santonian | Y18: 花崗岩 塊状 島弧・大陸 | Z18: massive granite island arc & continental | AA18: 火成岩 | AB18: Igneous rocks | AC18: Plutonic Complex
A19: m200k_NI-53-21_u020 | B19: col_5 | C19: 2 | D19: Santonian Gabbro (Tokushima Plutonic) | E19: Tokushima Plutonic Complex | F19: Santonian | G19: 83.6 | H19: =IF(OR($F19="",$G19=""),"",IFERROR((VLOOKUP($F19,intervals!$A:$C,2,FALSE)-$G19)/(VLOOKUP($F19,intervals!$A:$C,2,FALSE)-VLOOKUP($F19,intervals!$A:$C,3,FALSE)),"")) | I19: Cenomanian | J19: 100.5 | K19: =IF(OR($I19="",$J19=""),"",IFERROR((VLOOKUP($I19,intervals!$A:$C,2,FALSE)-$J19)/(VLOOKUP($I19,intervals!$A:$C,2,FALSE)-VLOOKUP($I19,intervals!$A:$C,3,FALSE)),"")) | L19: gabbro | N19: plutonic | O19: Mesozoic Late Cretaceous Cenomanian - Santonian; gabbro island arc & continental [Plutonic Complex] | R19: intrusive | T19: GSJ 200k Seamless K21_pbg_a | V19: K21_pbg_a | W19: 中生代 後期白亜紀 セノマニアン期〜サントニアン期 | X19: Mesozoic Late Cretaceous Cenomanian - Santonian | Y19: 斑れい岩 島弧・大陸 | Z19: gabbro island arc & continental | AA19: 火成岩 | AB19: Igneous rocks | AC19: Plutonic Complex
A20: m200k_NI-53-21_u018 | B20: col_5 | C20: 3 | D20: Maastrichtian Granite (Tokushima Plutonic) | E20: Tokushima Plutonic Complex | F20: Maastrichtian | G20: 66 | H20: =IF(OR($F20="",$G20=""),"",IFERROR((VLOOKUP($F20,intervals!$A:$C,2,FALSE)-$G20)/(VLOOKUP($F20,intervals!$A:$C,2,FALSE)-VLOOKUP($F20,intervals!$A:$C,3,FALSE)),"")) | I20: Campanian | J20: 83.6 | K20: =IF(OR($I20="",$J20=""),"",IFERROR((VLOOKUP($I20,intervals!$A:$C,2,FALSE)-$J20)/(VLOOKUP($I20,intervals!$A:$C,2,FALSE)-VLOOKUP($I20,intervals!$A:$C,3,FALSE)),"")) | L20: granite | N20: plutonic | O20: Mesozoic Late Cretaceous Campanian - Maastrichtian; massive granite island arc & continental [Plutonic Complex] | R20: intrusive | T20: GSJ 200k Seamless K22_pam_a | V20: K22_pam_a | W20: 中生代 後期白亜紀 カンパニアン期〜マーストリヒチアン期 | X20: Mesozoic Late Cretaceous Campanian - Maastrichtian | Y20: 花崗岩 塊状 島弧・大陸 | Z20: massive granite island arc & continental | AA20: 火成岩 | AB20: Igneous rocks | AC20: Plutonic Complex
A21: m200k_NI-53-21_u019 | B21: col_5 | C21: 4 | D21: Maastrichtian Diorite (Tokushima Plutonic) | E21: Tokushima Plutonic Complex | F21: Maastrichtian | G21: 66 | H21: =IF(OR($F21="",$G21=""),"",IFERROR((VLOOKUP($F21,intervals!$A:$C,2,FALSE)-$G21)/(VLOOKUP($F21,intervals!$A:$C,2,FALSE)-VLOOKUP($F21,intervals!$A:$C,3,FALSE)),"")) | I21: Campanian | J21: 83.6 | K21: =IF(OR($I21="",$J21=""),"",IFERROR((VLOOKUP($I21,intervals!$A:$C,2,FALSE)-$J21)/(VLOOKUP($I21,intervals!$A:$C,2,FALSE)-VLOOKUP($I21,intervals!$A:$C,3,FALSE)),"")) | L21: diorite | N21: plutonic | O21: Mesozoic Late Cretaceous Campanian - Maastrichtian; diorite & quartz diorite island arc & continental [Plutonic Complex] | R21: intrusive | T21: GSJ 200k Seamless K22_pbd_a | V21: K22_pbd_a | W21: 中生代 後期白亜紀 カンパニアン期〜マーストリヒチアン期 | X21: Mesozoic Late Cretaceous Campanian - Maastrichtian | Y21: 閃緑岩・石英閃緑岩 島弧・大陸 | Z21: diorite & quartz diorite island arc & continental | AA21: 火成岩 | AB21: Igneous rocks | AC21: Plutonic Complex
A22: m200k_NI-53-21_u021 | B22: col_6 | C22: 1 | D22: Santonian Tonalite (Tokushima Mesozoic) | E22: Tokushima Mesozoic Sedimentary Basin | F22: Santonian | G22: 83.6 | H22: =IF(OR($F22="",$G22=""),"",IFERROR((VLOOKUP($F22,intervals!$A:$C,2,FALSE)-$G22)/(VLOOKUP($F22,intervals!$A:$C,2,FALSE)-VLOOKUP($F22,intervals!$A:$C,3,FALSE)),"")) | I22: Cenomanian | J22: 100.5 | K22: =IF(OR($I22="",$J22=""),"",IFERROR((VLOOKUP($I22,intervals!$A:$C,2,FALSE)-$J22)/(VLOOKUP($I22,intervals!$A:$C,2,FALSE)-VLOOKUP($I22,intervals!$A:$C,3,FALSE)),"")) | L22: tonalite | N22: unknown | O22: Mesozoic Late Cretaceous Cenomanian - Santonian; mssive granodiolite & tonalite island arc & continental [Mesozoic Sedimentary Basin] | R22: unknown | T22: GSJ 200k Seamless K21_pim_a | V22: K21_pim_a | W22: 中生代 後期白亜紀 セノマニアン期〜サントニアン期 | X22: Mesozoic Late Cretaceous Cenomanian - Santonian | Y22: 花崗閃緑岩・トーナル岩 塊状 島弧・大陸 | Z22: mssive granodiolite & tonalite island arc & continental | AA22: 火成岩 | AB22: Igneous rocks | AC22: Mesozoic Sedimentary Basin
A23: m200k_NI-53-21_u022 | B23: col_6 | C23: 2 | D23: Maastrichtian Sandstone (Tokushima Mesozoic) | E23: Tokushima Mesozoic Sedimentary Basin | F23: Maastrichtian | G23: 66 | H23: =IF(OR($F23="",$G23=""),"",IFERROR((VLOOKUP($F23,intervals!$A:$C,2,FALSE)-$G23)/(VLOOKUP($F23,intervals!$A:$C,2,FALSE)-VLOOKUP($F23,intervals!$A:$C,3,FALSE)),"")) | I23: Campanian | J23: 83.6 | K23: =IF(OR($I23="",$J23=""),"",IFERROR((VLOOKUP($I23,intervals!$A:$C,2,FALSE)-$J23)/(VLOOKUP($I23,intervals!$A:$C,2,FALSE)-VLOOKUP($I23,intervals!$A:$C,3,FALSE)),"")) | L23: sandstone | N23: marine | O23: Mesozoic Late Cretaceous Campanian - Maastrichtian; marine sandstone [Mesozoic Sedimentary Basin] | R23: unknown | T23: GSJ 200k Seamless K22_soss | V23: K22_soss | W23: 中生代 後期白亜紀 カンパニアン期〜マーストリヒチアン期 | X23: Mesozoic Late Cretaceous Campanian - Maastrichtian | Y23: 海成層 砂岩 | Z23: marine sandstone | AA23: 堆積岩 | AB23: Sedimentary rocks | AC23: Mesozoic Sedimentary Basin
A24: m200k_NI-53-21_u023 | B24: col_6 | C24: 3 | D24: Maastrichtian Tonalite (Tokushima Mesozoic) | E24: Tokushima Mesozoic Sedimentary Basin | F24: Maastrichtian | G24: 66 | H24: =IF(OR($F24="",$G24=""),"",IFERROR((VLOOKUP($F24,intervals!$A:$C,2,FALSE)-$G24)/(VLOOKUP($F24,intervals!$A:$C,2,FALSE)-VLOOKUP($F24,intervals!$A:$C,3,FALSE)),"")) | I24: Campanian | J24: 83.6 | K24: =IF(OR($I24="",$J24=""),"",IFERROR((VLOOKUP($I24,intervals!$A:$C,2,FALSE)-$J24)/(VLOOKUP($I24,intervals!$A:$C,2,FALSE)-VLOOKUP($I24,intervals!$A:$C,3,FALSE)),"")) | L24: tonalite | N24: unknown | O24: Mesozoic Late Cretaceous Campanian - Maastrichtian; mssive granodiolite & tonalite island arc & continental [Mesozoic Sedimentary Basin] | R24: unknown | T24: GSJ 200k Seamless K22_pim_a | V24: K22_pim_a | W24: 中生代 後期白亜紀 カンパニアン期〜マーストリヒチアン期 | X24: Mesozoic Late Cretaceous Campanian - Maastrichtian | Y24: 花崗閃緑岩・トーナル岩 塊状 島弧・大陸 | Z24: mssive granodiolite & tonalite island arc & continental | AA24: 火成岩 | AB24: Igneous rocks | AC24: Mesozoic Sedimentary Basin
A25: m200k_NI-53-21_u024 | B25: col_6 | C25: 4 | D25: Maastrichtian Conglomerate (Tokushima Mesozoic) | E25: Tokushima Mesozoic Sedimentary Basin | F25: Maastrichtian | G25: 66 | H25: =IF(OR($F25="",$G25=""),"",IFERROR((VLOOKUP($F25,intervals!$A:$C,2,FALSE)-$G25)/(VLOOKUP($F25,intervals!$A:$C,2,FALSE)-VLOOKUP($F25,intervals!$A:$C,3,FALSE)),"")) | I25: Campanian | J25: 83.6 | K25: =IF(OR($I25="",$J25=""),"",IFERROR((VLOOKUP($I25,intervals!$A:$C,2,FALSE)-$J25)/(VLOOKUP($I25,intervals!$A:$C,2,FALSE)-VLOOKUP($I25,intervals!$A:$C,3,FALSE)),"")) | L25: conglomerate | N25: marine | O25: Mesozoic Late Cretaceous Campanian - Maastrichtian; marine conglomerate [Mesozoic Sedimentary Basin] | R25: unknown | T25: GSJ 200k Seamless K22_soc | V25: K22_soc | W25: 中生代 後期白亜紀 カンパニアン期〜マーストリヒチアン期 | X25: Mesozoic Late Cretaceous Campanian - Maastrichtian | Y25: 海成層 礫岩 | Z25: marine conglomerate | AA25: 堆積岩 | AB25: Sedimentary rocks | AC25: Mesozoic Sedimentary Basin
A26: m200k_NI-53-21_u025 | B26: col_6 | C26: 5 | D26: Maastrichtian Mudstone (Tokushima Mesozoic) | E26: Tokushima Mesozoic Sedimentary Basin | F26: Maastrichtian | G26: 66 | H26: =IF(OR($F26="",$G26=""),"",IFERROR((VLOOKUP($F26,intervals!$A:$C,2,FALSE)-$G26)/(VLOOKUP($F26,intervals!$A:$C,2,FALSE)-VLOOKUP($F26,intervals!$A:$C,3,FALSE)),"")) | I26: Campanian | J26: 83.6 | K26: =IF(OR($I26="",$J26=""),"",IFERROR((VLOOKUP($I26,intervals!$A:$C,2,FALSE)-$J26)/(VLOOKUP($I26,intervals!$A:$C,2,FALSE)-VLOOKUP($I26,intervals!$A:$C,3,FALSE)),"")) | L26: mudstone | N26: marine | O26: Mesozoic Late Cretaceous Campanian - Maastrichtian; marine mudstone [Mesozoic Sedimentary Basin] | R26: unknown | T26: GSJ 200k Seamless K22_som | V26: K22_som | W26: 中生代 後期白亜紀 カンパニアン期〜マーストリヒチアン期 | X26: Mesozoic Late Cretaceous Campanian - Maastrichtian | Y26: 海成層 泥岩 | Z26: marine mudstone | AA26: 堆積岩 | AB26: Sedimentary rocks | AC26: Mesozoic Sedimentary Basin
A27: m200k_NI-53-21_u026 | B27: col_6 | C27: 6 | D27: Maastrichtian Sandstone (Tokushima Mesozoic) | E27: Tokushima Mesozoic Sedimentary Basin | F27: Maastrichtian | G27: 66 | H27: =IF(OR($F27="",$G27=""),"",IFERROR((VLOOKUP($F27,intervals!$A:$C,2,FALSE)-$G27)/(VLOOKUP($F27,intervals!$A:$C,2,FALSE)-VLOOKUP($F27,intervals!$A:$C,3,FALSE)),"")) | I27: Campanian | J27: 83.6 | K27: =IF(OR($I27="",$J27=""),"",IFERROR((VLOOKUP($I27,intervals!$A:$C,2,FALSE)-$J27)/(VLOOKUP($I27,intervals!$A:$C,2,FALSE)-VLOOKUP($I27,intervals!$A:$C,3,FALSE)),"")) | L27: sandstone | M27: mudstone | N27: marine | O27: Mesozoic Late Cretaceous Campanian - Maastrichtian; marine alternation of sandstone & mudstone [Mesozoic Sedimentary Basin] | R27: unknown | T27: GSJ 200k Seamless K22_sosma | V27: K22_sosma | W27: 中生代 後期白亜紀 カンパニアン期〜マーストリヒチアン期 | X27: Mesozoic Late Cretaceous Campanian - Maastrichtian | Y27: 海成層 砂岩泥岩互層 | Z27: marine alternation of sandstone & mudstone | AA27: 堆積岩 | AB27: Sedimentary rocks | AC27: Mesozoic Sedimentary Basin
A28: m200k_NI-53-21_u027 | B28: col_7 | C28: 1 | D28: Pliocene Sandstone (Tokushima Neogene) | E28: Tokushima Neogene Sedimentary Basin | F28: Pliocene | G28: 2.58 | H28: =IF(OR($F28="",$G28=""),"",IFERROR((VLOOKUP($F28,intervals!$A:$C,2,FALSE)-$G28)/(VLOOKUP($F28,intervals!$A:$C,2,FALSE)-VLOOKUP($F28,intervals!$A:$C,3,FALSE)),"")) | I28: Messinian | J28: 7.246 | K28: =IF(OR($I28="",$J28=""),"",IFERROR((VLOOKUP($I28,intervals!$A:$C,2,FALSE)-$J28)/(VLOOKUP($I28,intervals!$A:$C,2,FALSE)-VLOOKUP($I28,intervals!$A:$C,3,FALSE)),"")) | L28: sandstone | M28: mudstone | N28: marine | O28: Cenozoic Neogene Miocene Messinian - Pliocene; non-marine sandstone, or alternation of sandstone & mudstone or sandstone & mudstone [Neogene Sedimentary Basin] | R28: unknown | T28: GSJ 200k Seamless N3_sns | V28: N3_sns | W28: 新生代 新第三紀 中新世 メッシニアン期〜鮮新世 | X28: Cenozoic Neogene Miocene Messinian - Pliocene | Y28: 非海成層 砂岩，砂岩泥岩互層ないし砂岩・泥岩 | Z28: non-marine sandstone, or alternation of sandstone & mudstone or sandstone & mudstone | AA28: 堆積岩 | AB28: Sedimentary rocks | AC28: Neogene Sedimentary Basin
A29: m200k_NI-53-21_u028 | B29: col_7 | C29: 2 | D29: Pliocene Conglomerate (Tokushima Neogene) | E29: Tokushima Neogene Sedimentary Basin | F29: Pliocene | G29: 2.58 | H29: =IF(OR($F29="",$G29=""),"",IFERROR((VLOOKUP($F29,intervals!$A:$C,2,FALSE)-$G29)/(VLOOKUP($F29,intervals!$A:$C,2,FALSE)-VLOOKUP($F29,intervals!$A:$C,3,FALSE)),"")) | I29: Messinian | J29: 7.246 | K29: =IF(OR($I29="",$J29=""),"",IFERROR((VLOOKUP($I29,intervals!$A:$C,2,FALSE)-$J29)/(VLOOKUP($I29,intervals!$A:$C,2,FALSE)-VLOOKUP($I29,intervals!$A:$C,3,FALSE)),"")) | L29: conglomerate | N29: marine | O29: Cenozoic Neogene Miocene Messinian - Pliocene; non-marine conglomerate [Neogene Sedimentary Basin] | R29: unknown | T29: GSJ 200k Seamless N3_snc | V29: N3_snc | W29: 新生代 新第三紀 中新世 メッシニアン期〜鮮新世 | X29: Cenozoic Neogene Miocene Messinian - Pliocene | Y29: 非海成層 礫岩 | Z29: non-marine conglomerate | AA29: 堆積岩 | AB29: Sedimentary rocks | AC29: Neogene Sedimentary Basin
A30: m200k_NI-53-21_u031 | B30: col_8 | C30: 1 | D30: Selandian Gneiss (Tokushima Metamorphic) | E30: Tokushima Metamorphic Belt | F30: Selandian | G30: 59.24 | H30: =IF(OR($F30="",$G30=""),"",IFERROR((VLOOKUP($F30,intervals!$A:$C,2,FALSE)-$G30)/(VLOOKUP($F30,intervals!$A:$C,2,FALSE)-VLOOKUP($F30,intervals!$A:$C,3,FALSE)),"")) | I30: Cretaceous | J30: 143.1 | K30: =IF(OR($I30="",$J30=""),"",IFERROR((VLOOKUP($I30,intervals!$A:$C,2,FALSE)-$J30)/(VLOOKUP($I30,intervals!$A:$C,2,FALSE)-VLOOKUP($I30,intervals!$A:$C,3,FALSE)),"")) | L30: gneiss | M30: migmatite | N30: metamorphic | O30: Mesozoic Late Cretaceous - Cenozoic Paleogene Paleocene Selandian; pelitic gneiss & migmatite garnet-cordierite zone of low P/T regional metamorphic rocks [Metamorphic Belt] | R30: unknown | T30: GSJ 200k Seamless K2-Pg12_mgmpe_lgc | V30: K2-Pg12_mgmpe_lgc | W30: 中生代 後期白亜紀〜新生代 古第三紀 暁新世 セランディアン期 | X30: Mesozoic Late Cretaceous - Cenozoic Paleogene Paleocene Selandian | Y30: 泥質片麻岩・泥質ミグマタイト 低P/T型広域変成岩 ざくろ石菫青石帯 | Z30: pelitic gneiss & migmatite garnet-cordierite zone of low P/T regional metamorphic rocks | AA30: 変成岩 | AB30: Metamorphic rocks | AC30: Metamorphic Belt
A31: m200k_NI-53-21_u032 | B31: col_8 | C31: 2 | D31: Selandian Gneiss (Tokushima Metamorphic) | E31: Tokushima Metamorphic Belt | F31: Selandian | G31: 59.24 | H31: =IF(OR($F31="",$G31=""),"",IFERROR((VLOOKUP($F31,intervals!$A:$C,2,FALSE)-$G31)/(VLOOKUP($F31,intervals!$A:$C,2,FALSE)-VLOOKUP($F31,intervals!$A:$C,3,FALSE)),"")) | I31: Cretaceous | J31: 143.1 | K31: =IF(OR($I31="",$J31=""),"",IFERROR((VLOOKUP($I31,intervals!$A:$C,2,FALSE)-$J31)/(VLOOKUP($I31,intervals!$A:$C,2,FALSE)-VLOOKUP($I31,intervals!$A:$C,3,FALSE)),"")) | L31: gneiss | M31: migmatite | N31: metamorphic | O31: Mesozoic Late Cretaceous - Cenozoic Paleogene Paleocene Selandian; pelitic gneiss & migmatite sillmanite-Kfeldspar zone of low P/T regional metamorphic rocks [Metamorphic Belt] | R31: unknown | T31: GSJ 200k Seamless K2-Pg12_mgmpe_lks | V31: K2-Pg12_mgmpe_lks | W31: 中生代 後期白亜紀〜新生代 古第三紀 暁新世 セランディアン期 | X31: Mesozoic Late Cretaceous - Cenozoic Paleogene Paleocene Selandian | Y31: 泥質片麻岩・泥質ミグマタイト 低P/T型広域変成岩 珪線石カリ長石帯 | Z31: pelitic gneiss & migmatite sillmanite-Kfeldspar zone of low P/T regional metamorphic rocks | AA31: 変成岩 | AB31: Metamorphic rocks | AC31: Metamorphic Belt
A32: m200k_NI-53-21_u033 | B32: col_8 | C32: 3 | D32: Selandian Gneiss (Tokushima Metamorphic) | E32: Tokushima Metamorphic Belt | F32: Selandian | G32: 59.24 | H32: =IF(OR($F32="",$G32=""),"",IFERROR((VLOOKUP($F32,intervals!$A:$C,2,FALSE)-$G32)/(VLOOKUP($F32,intervals!$A:$C,2,FALSE)-VLOOKUP($F32,intervals!$A:$C,3,FALSE)),"")) | I32: Cretaceous | J32: 143.1 | K32: =IF(OR($I32="",$J32=""),"",IFERROR((VLOOKUP($I32,intervals!$A:$C,2,FALSE)-$J32)/(VLOOKUP($I32,intervals!$A:$C,2,FALSE)-VLOOKUP($I32,intervals!$A:$C,3,FALSE)),"")) | L32: gneiss | M32: metamorphic | N32: metamorphic | O32: Mesozoic Late Cretaceous - Cenozoic Paleogene Paleocene Selandian; felsic gneiss sillmanite-Kfeldspar zone of low P/T regional metamorphic rocks [Metamorphic Belt] | R32: unknown | T32: GSJ 200k Seamless K2-Pg12_mgnfe_lks | V32: K2-Pg12_mgnfe_lks | W32: 中生代 後期白亜紀〜新生代 古第三紀 暁新世 セランディアン期 | X32: Mesozoic Late Cretaceous - Cenozoic Paleogene Paleocene Selandian | Y32: 珪長質片麻岩 低P/T型広域変成岩 珪線石カリ長石帯 | Z32: felsic gneiss sillmanite-Kfeldspar zone of low P/T regional metamorphic rocks | AA32: 変成岩 | AB32: Metamorphic rocks | AC32: Metamorphic Belt
A33: m200k_NI-53-21_u029 | B33: col_8 | C33: 4 | D33: Santonian Granite (Tokushima Metamorphic) | E33: Tokushima Metamorphic Belt | F33: Santonian | G33: 83.6 | H33: =IF(OR($F33="",$G33=""),"",IFERROR((VLOOKUP($F33,intervals!$A:$C,2,FALSE)-$G33)/(VLOOKUP($F33,intervals!$A:$C,2,FALSE)-VLOOKUP($F33,intervals!$A:$C,3,FALSE)),"")) | I33: Cenomanian | J33: 100.5 | K33: =IF(OR($I33="",$J33=""),"",IFERROR((VLOOKUP($I33,intervals!$A:$C,2,FALSE)-$J33)/(VLOOKUP($I33,intervals!$A:$C,2,FALSE)-VLOOKUP($I33,intervals!$A:$C,3,FALSE)),"")) | L33: granite | N33: plutonic | O33: Mesozoic Late Cretaceous Cenomanian - Santonian; gneissose granite island arc & continental [Metamorphic Belt] | R33: unknown | T33: GSJ 200k Seamless K21_pan_a | V33: K21_pan_a | W33: 中生代 後期白亜紀 セノマニアン期〜サントニアン期 | X33: Mesozoic Late Cretaceous Cenomanian - Santonian | Y33: 花崗岩 片麻状 島弧・大陸 | Z33: gneissose granite island arc & continental | AA33: 火成岩 | AB33: Igneous rocks | AC33: Metamorphic Belt
A34: m200k_NI-53-21_u030 | B34: col_8 | C34: 5 | D34: Santonian Tonalite (Tokushima Metamorphic) | E34: Tokushima Metamorphic Belt | F34: Santonian | G34: 83.6 | H34: =IF(OR($F34="",$G34=""),"",IFERROR((VLOOKUP($F34,intervals!$A:$C,2,FALSE)-$G34)/(VLOOKUP($F34,intervals!$A:$C,2,FALSE)-VLOOKUP($F34,intervals!$A:$C,3,FALSE)),"")) | I34: Cenomanian | J34: 100.5 | K34: =IF(OR($I34="",$J34=""),"",IFERROR((VLOOKUP($I34,intervals!$A:$C,2,FALSE)-$J34)/(VLOOKUP($I34,intervals!$A:$C,2,FALSE)-VLOOKUP($I34,intervals!$A:$C,3,FALSE)),"")) | L34: tonalite | N34: metamorphic | O34: Mesozoic Late Cretaceous Cenomanian - Santonian; gneissose granodiolite & tonalite island arc & continental [Metamorphic Belt] | R34: unknown | T34: GSJ 200k Seamless K21_pin_a | V34: K21_pin_a | W34: 中生代 後期白亜紀 セノマニアン期〜サントニアン期 | X34: Mesozoic Late Cretaceous Cenomanian - Santonian | Y34: 花崗閃緑岩・トーナル岩 片麻状 島弧・大陸 | Z34: gneissose granodiolite & tonalite island arc & continental | AA34: 火成岩 | AB34: Igneous rocks | AC34: Metamorphic Belt
A35: m200k_NI-53-21_u034 | B35: col_8 | C35: 6 | D35: Selandian Mafic (Tokushima Metamorphic) | E35: Tokushima Metamorphic Belt | F35: Selandian | G35: 59.24 | H35: =IF(OR($F35="",$G35=""),"",IFERROR((VLOOKUP($F35,intervals!$A:$C,2,FALSE)-$G35)/(VLOOKUP($F35,intervals!$A:$C,2,FALSE)-VLOOKUP($F35,intervals!$A:$C,3,FALSE)),"")) | I35: Albian | J35: 113.2 | K35: =IF(OR($I35="",$J35=""),"",IFERROR((VLOOKUP($I35,intervals!$A:$C,2,FALSE)-$J35)/(VLOOKUP($I35,intervals!$A:$C,2,FALSE)-VLOOKUP($I35,intervals!$A:$C,3,FALSE)),"")) | L35: mafic | M35: schist | N35: metamorphic | O35: Mesozoic Early Cretaceous Albian - Cenozoic Paleogene Paleocene Selandian; mafic schist albite-biotite zone of high P/T regional metamorphic rocks [Metamorphic Belt] | R35: unknown | T35: GSJ 200k Seamless K122-Pg12_mscma_hab | V35: K122-Pg12_mscma_hab | W35: 中生代 前期白亜紀 アルビアン期〜新生代 古第三紀 暁新世 セランディアン期 | X35: Mesozoic Early Cretaceous Albian - Cenozoic Paleogene Paleocene Selandian | Y35: 苦鉄質片岩 高P/T型広域変成岩 アルバイト黒雲母帯 | Z35: mafic schist albite-biotite zone of high P/T regional metamorphic rocks | AA35: 変成岩 | AB35: Metamorphic rocks | AC35: Metamorphic Belt
A36: m200k_NI-53-21_u035 | B36: col_8 | C36: 7 | D36: Selandian Schist (Tokushima Metamorphic) | E36: Tokushima Metamorphic Belt | F36: Selandian | G36: 59.24 | H36: =IF(OR($F36="",$G36=""),"",IFERROR((VLOOKUP($F36,intervals!$A:$C,2,FALSE)-$G36)/(VLOOKUP($F36,intervals!$A:$C,2,FALSE)-VLOOKUP($F36,intervals!$A:$C,3,FALSE)),"")) | I36: Albian | J36: 113.2 | K36: =IF(OR($I36="",$J36=""),"",IFERROR((VLOOKUP($I36,intervals!$A:$C,2,FALSE)-$J36)/(VLOOKUP($I36,intervals!$A:$C,2,FALSE)-VLOOKUP($I36,intervals!$A:$C,3,FALSE)),"")) | L36: schist | M36: metamorphic | N36: metamorphic | O36: Mesozoic Early Cretaceous Albian - Cenozoic Paleogene Paleocene Selandian; pelitic schist albite-biotite zone of high P/T regional metamorphic rocks [Metamorphic Belt] | R36: unknown | T36: GSJ 200k Seamless K122-Pg12_mscpe_hab | V36: K122-Pg12_mscpe_hab | W36: 中生代 前期白亜紀 アルビアン期〜新生代 古第三紀 暁新世 セランディアン期 | X36: Mesozoic Early Cretaceous Albian - Cenozoic Paleogene Paleocene Selandian | Y36: 泥質片岩 高P/T型広域変成岩 アルバイト黒雲母帯 | Z36: pelitic schist albite-biotite zone of high P/T regional metamorphic rocks | AA36: 変成岩 | AB36: Metamorphic rocks | AC36: Metamorphic Belt
A37: m200k_NI-53-21_u036 | B37: col_8 | C37: 8 | D37: Selandian Mafic (Tokushima Metamorphic) | E37: Tokushima Metamorphic Belt | F37: Selandian | G37: 59.24 | H37: =IF(OR($F37="",$G37=""),"",IFERROR((VLOOKUP($F37,intervals!$A:$C,2,FALSE)-$G37)/(VLOOKUP($F37,intervals!$A:$C,2,FALSE)-VLOOKUP($F37,intervals!$A:$C,3,FALSE)),"")) | I37: Albian | J37: 113.2 | K37: =IF(OR($I37="",$J37=""),"",IFERROR((VLOOKUP($I37,intervals!$A:$C,2,FALSE)-$J37)/(VLOOKUP($I37,intervals!$A:$C,2,FALSE)-VLOOKUP($I37,intervals!$A:$C,3,FALSE)),"")) | L37: mafic | M37: schist | N37: metamorphic | O37: Mesozoic Early Cretaceous Albian - Cenozoic Paleogene Paleocene Selandian; mafic schist chlorite zone of high P/T regional metamorphic rocks [Metamorphic Belt] | R37: unknown | T37: GSJ 200k Seamless K122-Pg12_mscma_hc | V37: K122-Pg12_mscma_hc | W37: 中生代 前期白亜紀 アルビアン期〜新生代 古第三紀 暁新世 セランディアン期 | X37: Mesozoic Early Cretaceous Albian - Cenozoic Paleogene Paleocene Selandian | Y37: 苦鉄質片岩 高P/T型広域変成岩 緑泥石帯 | Z37: mafic schist chlorite zone of high P/T regional metamorphic rocks | AA37: 変成岩 | AB37: Metamorphic rocks | AC37: Metamorphic Belt
A38: m200k_NI-53-21_u037 | B38: col_8 | C38: 9 | D38: Selandian Mafic (Tokushima Metamorphic) | E38: Tokushima Metamorphic Belt | F38: Selandian | G38: 59.24 | H38: =IF(OR($F38="",$G38=""),"",IFERROR((VLOOKUP($F38,intervals!$A:$C,2,FALSE)-$G38)/(VLOOKUP($F38,intervals!$A:$C,2,FALSE)-VLOOKUP($F38,intervals!$A:$C,3,FALSE)),"")) | I38: Albian | J38: 113.2 | K38: =IF(OR($I38="",$J38=""),"",IFERROR((VLOOKUP($I38,intervals!$A:$C,2,FALSE)-$J38)/(VLOOKUP($I38,intervals!$A:$C,2,FALSE)-VLOOKUP($I38,intervals!$A:$C,3,FALSE)),"")) | L38: mafic | M38: schist | N38: metamorphic | O38: Mesozoic Early Cretaceous Albian - Cenozoic Paleogene Paleocene Selandian; mafic schist garnet zone of high P/T regional metamorphic rocks [Metamorphic Belt] | R38: unknown | T38: GSJ 200k Seamless K122-Pg12_mscma_hg | V38: K122-Pg12_mscma_hg | W38: 中生代 前期白亜紀 アルビアン期〜新生代 古第三紀 暁新世 セランディアン期 | X38: Mesozoic Early Cretaceous Albian - Cenozoic Paleogene Paleocene Selandian | Y38: 苦鉄質片岩 高P/T型広域変成岩 ざくろ石帯 | Z38: mafic schist garnet zone of high P/T regional metamorphic rocks | AA38: 変成岩 | AB38: Metamorphic rocks | AC38: Metamorphic Belt
A39: m200k_NI-53-21_u038 | B39: col_8 | C39: 10 | D39: Selandian Schist (Tokushima Metamorphic) | E39: Tokushima Metamorphic Belt | F39: Selandian | G39: 59.24 | H39: =IF(OR($F39="",$G39=""),"",IFERROR((VLOOKUP($F39,intervals!$A:$C,2,FALSE)-$G39)/(VLOOKUP($F39,intervals!$A:$C,2,FALSE)-VLOOKUP($F39,intervals!$A:$C,3,FALSE)),"")) | I39: Albian | J39: 113.2 | K39: =IF(OR($I39="",$J39=""),"",IFERROR((VLOOKUP($I39,intervals!$A:$C,2,FALSE)-$J39)/(VLOOKUP($I39,intervals!$A:$C,2,FALSE)-VLOOKUP($I39,intervals!$A:$C,3,FALSE)),"")) | L39: schist | M39: metamorphic | N39: metamorphic | O39: Mesozoic Early Cretaceous Albian - Cenozoic Paleogene Paleocene Selandian; pelitic schist garnet zone of high P/T regional metamorphic rocks [Metamorphic Belt] | R39: unknown | T39: GSJ 200k Seamless K122-Pg12_mscpe_hg | V39: K122-Pg12_mscpe_hg | W39: 中生代 前期白亜紀 アルビアン期〜新生代 古第三紀 暁新世 セランディアン期 | X39: Mesozoic Early Cretaceous Albian - Cenozoic Paleogene Paleocene Selandian | Y39: 泥質片岩 高P/T型広域変成岩 ざくろ石帯 | Z39: pelitic schist garnet zone of high P/T regional metamorphic rocks | AA39: 変成岩 | AB39: Metamorphic rocks | AC39: Metamorphic Belt
A40: m200k_NI-53-21_u039 | B40: col_8 | C40: 11 | D40: Selandian Schist (Tokushima Metamorphic) | E40: Tokushima Metamorphic Belt | F40: Selandian | G40: 59.24 | H40: =IF(OR($F40="",$G40=""),"",IFERROR((VLOOKUP($F40,intervals!$A:$C,2,FALSE)-$G40)/(VLOOKUP($F40,intervals!$A:$C,2,FALSE)-VLOOKUP($F40,intervals!$A:$C,3,FALSE)),"")) | I40: Albian | J40: 113.2 | K40: =IF(OR($I40="",$J40=""),"",IFERROR((VLOOKUP($I40,intervals!$A:$C,2,FALSE)-$J40)/(VLOOKUP($I40,intervals!$A:$C,2,FALSE)-VLOOKUP($I40,intervals!$A:$C,3,FALSE)),"")) | L40: schist | M40: metamorphic | N40: metamorphic | O40: Mesozoic Early Cretaceous Albian - Cenozoic Paleogene Paleocene Selandian; pelitic schist chlorite zone of high P/T regional metamorphic rocks [Metamorphic Belt] | R40: unknown | T40: GSJ 200k Seamless K122-Pg12_mscpe_hc | V40: K122-Pg12_mscpe_hc | W40: 中生代 前期白亜紀 アルビアン期〜新生代 古第三紀 暁新世 セランディアン期 | X40: Mesozoic Early Cretaceous Albian - Cenozoic Paleogene Paleocene Selandian | Y40: 泥質片岩 高P/T型広域変成岩 緑泥石帯 | Z40: pelitic schist chlorite zone of high P/T regional metamorphic rocks | AA40: 変成岩 | AB40: Metamorphic rocks | AC40: Metamorphic Belt

Sheet columns_review
A1: col_id | B1: col_name | C1: col_group | D1: domain_name | E1: b_int | F1: t_int | G1: b_prop | H1: t_prop | I1: geom | J1: rgeom | K1: comments
A2: col_1 | B2: Tokushima (Quaternary Basin & Terrace Deposits) Column | C2: GSJ_200K_NI_53_21_Quaternary_Basin_and_Terrace_Deposits | D2: Quaternary Basin & Terrace Deposits | E2: Gelasian | F2: Holocene | G2: 0 | H2: 1 | I2: POLYGON((134.0 34.0, 135.0 34.0, 135.0 34.666667, 134.0 34.666667, 134.0 34.0)) | J2: POINT(134.5 34.333333499999995) | K2: GSJ 200k Tectonic Skeleton: Quaternary Basin & Terrace Deposits in 徳島（第2版） (NI-53-21)
A3: col_2 | B3: Tokushima (Neogene-Paleogene Volcanic Complex) Column | C3: GSJ_200K_NI_53_21_Neogene-Paleogene_Volcanic_Complex | D3: Neogene-Paleogene Volcanic Complex | E3: Cenomanian | F3: Tortonian | G3: 0 | H3: 1 | I3: POLYGON((134.0 34.0, 135.0 34.0, 135.0 34.666667, 134.0 34.666667, 134.0 34.0)) | J3: POINT(134.5 34.333333499999995) | K3: GSJ 200k Tectonic Skeleton: Neogene-Paleogene Volcanic Complex in 徳島（第2版） (NI-53-21)
A4: col_3 | B4: Tokushima (Accretionary Complex) Column | C4: GSJ_200K_NI_53_21_Accretionary_Complex | D4: Accretionary Complex | E4: Guadalupian | F4: Bajocian | G4: 0 | H4: 1 | I4: POLYGON((134.0 34.0, 135.0 34.0, 135.0 34.666667, 134.0 34.666667, 134.0 34.0)) | J4: POINT(134.5 34.333333499999995) | K4: GSJ 200k Tectonic Skeleton: Accretionary Complex in 徳島（第2版） (NI-53-21)
A5: col_4 | B5: Tokushima (Sedimentary rocks Succession) Column | C5: GSJ_200K_NI_53_21_Sedimentary_rocks_Succession | D5: Sedimentary rocks Succession | E5: Lutetian | F5: Priabonian | G5: 0 | H5: 1 | I5: POLYGON((134.0 34.0, 135.0 34.0, 135.0 34.666667, 134.0 34.666667, 134.0 34.0)) | J5: POINT(134.5 34.333333499999995) | K5: GSJ 200k Tectonic Skeleton: Sedimentary rocks Succession in 徳島（第2版） (NI-53-21)
A6: col_5 | B6: Tokushima (Plutonic Complex) Column | C6: GSJ_200K_NI_53_21_Plutonic_Complex | D6: Plutonic Complex | E6: Cenomanian | F6: Maastrichtian | G6: 0 | H6: 1 | I6: POLYGON((134.0 34.0, 135.0 34.0, 135.0 34.666667, 134.0 34.666667, 134.0 34.0)) | J6: POINT(134.5 34.333333499999995) | K6: GSJ 200k Tectonic Skeleton: Plutonic Complex in 徳島（第2版） (NI-53-21)
A7: col_6 | B7: Tokushima (Mesozoic Sedimentary Basin) Column | C7: GSJ_200K_NI_53_21_Mesozoic_Sedimentary_Basin | D7: Mesozoic Sedimentary Basin | E7: Cenomanian | F7: Maastrichtian | G7: 0 | H7: 1 | I7: POLYGON((134.0 34.0, 135.0 34.0, 135.0 34.666667, 134.0 34.666667, 134.0 34.0)) | J7: POINT(134.5 34.333333499999995) | K7: GSJ 200k Tectonic Skeleton: Mesozoic Sedimentary Basin in 徳島（第2版） (NI-53-21)
A8: col_7 | B8: Tokushima (Neogene Sedimentary Basin) Column | C8: GSJ_200K_NI_53_21_Neogene_Sedimentary_Basin | D8: Neogene Sedimentary Basin | E8: Messinian | F8: Pliocene | G8: 0 | H8: 1 | I8: POLYGON((134.0 34.0, 135.0 34.0, 135.0 34.666667, 134.0 34.666667, 134.0 34.0)) | J8: POINT(134.5 34.333333499999995) | K8: GSJ 200k Tectonic Skeleton: Neogene Sedimentary Basin in 徳島（第2版） (NI-53-21)
A9: col_8 | B9: Tokushima (Metamorphic Belt) Column | C9: GSJ_200K_NI_53_21_Metamorphic_Belt | D9: Metamorphic Belt | E9: Cretaceous | F9: Selandian | G9: 0 | H9: 1 | I9: POLYGON((134.0 34.0, 135.0 34.0, 135.0 34.666667, 134.0 34.666667, 134.0 34.0)) | J9: POINT(134.5 34.333333499999995) | K9: GSJ 200k Tectonic Skeleton: Metamorphic Belt in 徳島（第2版） (NI-53-21)

Sheet refs_review
A1: ref_id | B1: title | C1: authors | D1: publication | E1: compilation | F1: organization | G1: date | H1: doi | I1: url | J1: comments
A2: 1 | B2: 1:200,000 Geological Map of Japan: 徳島（第2版） (Tokushima) | C2: Geological Survey of Japan, AIST | D2: Geological Map of Japan 1:200,000 | E2: GSJ Seamless Geological Map of Japan V2 | F2: Geological Survey of Japan, AIST | G2: 1995 | I2: https://www.gsj.jp/Map/JP/geology2.html | J2: IMW Sheet NI-53-21

Sheet images_review
A1: col_ids | B1: image_name | C1: ref_id | D1: page_no | E1: fig_no | F1: description | G1: comments

Sheet project_meta
A1: key | B1: value
A2: project_name | B2: GSJ Japan 200k Regional Skeleton
A3: organization | B3: Macrostrat Japan Project / GSJ
A4: url | B4: https://macrostrat.org
A5: project_id | B5: GSJ_200K_NI_53_21
A6: compile_date | B6: 2026-08-14
A7: compiler_name | B7: MacroStrat Automated Pipeline
A8: col_type | B8: column
A9: axis_type | B9: age
A10: timescale | B10: ICS 2020
A11: srid | B11: 4326

Sheet gsj_meta
A1: key | B1: value
A2: sheet_code | B2: NI-53-21
A3: name_ja | B3: 徳島（第2版）
A4: name_en | B4: Tokushima
A5: region | B5: 05_中国四国
A6: pub_year | B6: 1995
A7: bbox | B7: [34.0, 134.0, 34.666667, 135.0]

Sheet intervals
A1: interval_name | B1: b_age | C1: t_age

Sheet descriptions
A1: unit_id | B1: unit_name | C1: unit_name_ja | D1: text
A2: m200k_NI-53-21_u001 | B2: Holocene Sedimentary (Tokushima Quaternary) | C2: 新生代 第四紀 後期完新世 盛り土・埋立地・干拓地 | D2: 新生代 第四紀 後期完新世（Cenozoic Quaternary late Holocene）に形成された盛り土・埋立地・干拓地（Reclaimed land）。産総研シームレス地質図V2凡例記号: H2_or
A3: m200k_NI-53-21_u002 | B3: Holocene Sedimentary (Tokushima Quaternary) | C3: 新生代 第四紀 完新世 谷底平野・山間盆地・河川・海岸平野堆積物 | D3: 新生代 第四紀 完新世（Cenozoic Quaternary Holocene）に形成された谷底平野・山間盆地・河川・海岸平野堆積物（valley floor, intermountain basin, river & coastal plain deposits）。産総研シームレス地質図V2凡例記号: H_sad
A4: m200k_NI-53-21_u003 | B4: Pleistocene Sedimentary (Tokushima Quaternary) | C4: 新生代 第四紀 更新世 ジェラシアン期〜前期チバニアン期 非海成層 | D4: 新生代 第四紀 更新世 ジェラシアン期〜前期チバニアン期（Cenozoic Quaternary Pleistocene Gelasian - early Middle Pleistocene）に形成された非海成層（non-marine sediments）。産総研シームレス地質図V2凡例記号: Q1-21_sn
A5: m200k_NI-53-21_u004 | B5: Pleistocene Gravel (Tokushima Quaternary) | C5: 新生代 第四紀 後期更新世前期 段丘堆積物 | D5: 新生代 第四紀 後期更新世前期（Cenozoic Quaternary early Late Pleistocene）に形成された段丘堆積物（terrace deposits）。産総研シームレス地質図V2凡例記号: Q31_std
A6: m200k_NI-53-21_u005 | B6: Pleistocene Gravel (Tokushima Quaternary) | C6: 新生代 第四紀 後期チバニアン期 段丘堆積物 | D6: 新生代 第四紀 後期チバニアン期（Cenozoic Quaternary late Middle Pleistocene）に形成された段丘堆積物（terrace deposits）。産総研シームレス地質図V2凡例記号: Q22_std
A7: m200k_NI-53-21_u006 | B7: Pleistocene Gravel (Tokushima Quaternary) | C7: 新生代 第四紀 後期更新世中期〜後期更新世後期 段丘堆積物 | D7: 新生代 第四紀 後期更新世中期〜後期更新世後期（Cenozoic Quaternary middle Late Pleistocene - late Late Pleistocene）に形成された段丘堆積物（terrace deposits）。産総研シームレス地質図V2凡例記号: Q32-33_std
A8: m200k_NI-53-21_u007 | B8: Holocene Sedimentary (Tokushima Quaternary) | C8: 新生代 第四紀 後期チバニアン期〜完新世 地すべり堆積物 | D8: 新生代 第四紀 後期チバニアン期〜完新世（Cenozoic Quaternary late Middle Pleistocene - Holocene）に形成された地すべり堆積物（landslide deposits）。産総研シームレス地質図V2凡例記号: Q22-H_sdd
A9: m200k_NI-53-21_u008 | B9: Santonian Dacite (Tokushima Neogene-Paleogene) | C9: 中生代 後期白亜紀 セノマニアン期〜サントニアン期 デイサイト・流紋岩 大規模火砕流 | D9: 中生代 後期白亜紀 セノマニアン期〜サントニアン期（Mesozoic Late Cretaceous Cenomanian - Santonian）に形成されたデイサイト・流紋岩 大規模火砕流（dacite & rhyolite pyroclastic rocks）。産総研シームレス地質図V2凡例記号: K21_vas_ap
A10: m200k_NI-53-21_u009 | B10: Maastrichtian Dacite (Tokushima Neogene-Paleogene) | C10: 中生代 後期白亜紀 カンパニアン期〜マーストリヒチアン期 デイサイト・流紋岩 大規模火砕流 | D10: 中生代 後期白亜紀 カンパニアン期〜マーストリヒチアン期（Mesozoic Late Cretaceous Campanian - Maastrichtian）に形成されたデイサイト・流紋岩 大規模火砕流（dacite & rhyolite pyroclastic rocks）。産総研シームレス地質図V2凡例記号: K22_vas_ap
A11: m200k_NI-53-21_u010 | B11: Rupelian Basalt (Tokushima Neogene-Paleogene) | C11: 新生代 古第三紀 漸新世 ルペリアン期 玄武岩 溶岩・火砕岩 | D11: 新生代 古第三紀 漸新世 ルペリアン期（Cenozoic Paleogene Oligocene Rupelian）に形成された玄武岩 溶岩・火砕岩（basalt lava & pyroclastic rocks）。産総研シームレス地質図V2凡例記号: Pg3_vbs_al
A12: m200k_NI-53-21_u011 | B12: Tortonian Andesite (Tokushima Neogene-Paleogene) | C12: 新生代 新第三紀 中新世 後期ランギアン期〜トートニアン期 安山岩・玄武岩質安山岩 溶岩・火砕岩 | D12: 新生代 新第三紀 中新世 後期ランギアン期〜トートニアン期（Cenozoic Neogene Miocene late Langhian - Tortonian）に形成された安山岩・玄武岩質安山岩 溶岩・火砕岩（andesite & basaltic andesite lava & pyroclastic rocks）。産総研シームレス地質図V2凡例記号: N2_vis_al
... A40: m200k_NI-53-21_u039 | B40: Selandian Schist (Tokushima Metamorphic) | C40: 中生代 前期白亜紀 アルビアン期〜新生代 古第三紀 暁新世 セランディアン期 泥質片岩 高P/T型広域変成岩 緑泥石帯 | D40: 中生代 前期白亜紀 アルビアン期〜新生代 古第三紀 暁新世 セランディアン期（Mesozoic Early Cretaceous Albian - Cenozoic Paleogene Paleocene Selandian）に形成された泥質片岩 高P/T型広域変成岩 緑泥石帯（pelitic schist chlorite zone of high P/T regional metamorphic rocks）。産総研シームレス地質図V2凡例記号: K122-Pg12_mscpe_hc
